TOTAL CLIENTES;TOTAL ATENDIDOS;DESERTADOS;DESPUES DE CERRAR;PROMEDIO INTERMEDIO;PROMEDIO DE SERVICIO;PROMEDIO DE RETRASO;PROMEDIO DE ESPERA
55;50;5;10;0.290909091;12.58181818;245.8363636;258.4181818
42;42;0;5;0.380952381;13.07142857;235.3095238;248.3809524
45;45;0;10;0.355555556;13.51111111;316.2666667;329.7777778
46;46;0;2;0.347826087;13.39130435;212.9565217;226.3478261
39;39;0;8;0.41025641;14.71794872;271.3589744;286.0769231
37;34;3;7;0.432432432;16.05405405;286.1621622;302.2162162
51;51;0;8;0.31372549;13.37254902;242.7058824;256.0784314
50;50;0;8;0.32;12.9;267.92;280.82
53;52;1;8;0.301886792;11.81132075;251.754717;263.5660377
44;44;0;6;0.363636364;16.20454545;243.2045455;259.4090909
41;41;0;10;0.390243902;18.65853659;276.0731707;294.7317073
40;40;0;9;0.4;16.625;280.85;297.475
37;37;0;9;0.432432432;17.48648649;275.2162162;292.7027027
57;46;11;10;0.280701754;13.80701754;244.9473684;258.754386
46;38;8;10;0.347826087;14.02173913;263.173913;277.1956522
41;41;0;3;0.390243902;11.48780488;236.902439;248.3902439
37;37;0;0;0.432432432;12.62162162;215.3513514;227.972973
43;43;0;7;0.372093023;13.74418605;259.0465116;272.7906977
41;41;0;7;0.341463415;12.14634146;285.2682927;297.4146341
51;47;4;6;0.31372549;14.45098039;251.1960784;265.6470588
49;49;0;8;0.326530612;13.16326531;246.7346939;259.8979592
45;45;0;7;0.355555556;12.02222222;249.3333333;261.3555556
29;29;0;2;0.551724138;16.03448276;274.8965517;290.9310345
37;37;0;3;0.432432432;16.18918919;216.5675676;232.7567568
55;52;3;11;0.290909091;11.85454545;274.9090909;286.7636364
50;50;0;9;0.32;13.08;264.78;277.86
40;40;0;5;0.4;12.475;240.2;252.675
40;37;3;8;0.4;19.525;287.8;307.325
43;43;0;2;0.372093023;13.58139535;238.6976744;252.2790698
44;44;0;9;0.363636364;14.18181818;254.2272727;268.4090909
38;38;0;4;0.421052632;14.34210526;286.0789474;300.4210526
53;53;0;8;0.301886792;12.90566038;237.5283019;250.4339623
43;36;7;9;0.348837209;13.3255814;249.3953488;262.7209302
41;41;0;7;0.390243902;14.82926829;262.097561;276.9268293
37;37;0;2;0.432432432;15.81081081;244;259.8108108
47;42;5;10;0.340425532;13.76595745;258.5531915;272.3191489
48;48;0;10;0.333333333;13.79166667;253.9791667;267.7708333
50;44;6;8;0.32;11.9;266.18;278.08
44;44;0;6;0.363636364;12.25;247.0454545;259.2954545
52;52;0;4;0.307692308;10.67307692;226.9807692;237.6538462
38;38;0;8;0.421052632;14.60526316;286.0526316;300.6578947
64;47;17;9;0.25;11.75;181.625;193.375
42;42;0;8;0.380952381;13.19047619;249.1428571;262.3333333
39;39;0;7;0.41025641;16.05128205;270.974359;287.025641
45;45;0;8;0.355555556;13.64444444;231.3333333;244.9777778
49;45;4;10;0.326530612;14.20408163;268.2653061;282.4693878
47;41;6;11;0.340425532;15.63829787;260.8085106;276.4468085
39;39;0;5;0.41025641;13.12820513;232.7948718;245.9230769
40;40;0;8;0.4;15.15;279.775;294.925
34;34;0;3;0.470588235;16.11764706;232.3823529;248.5
50;50;0;13;0.32;15.9;303.24;319.14
34;33;1;8;0.470588235;20.44117647;273.7647059;294.2058824
57;56;1;13;0.280701754;14.45614035;255.9824561;270.4385965
50;38;12;8;0.32;13.98;238.62;252.6
48;43;5;8;0.333333333;16.0625;258.8541667;274.9166667
48;48;0;9;0.333333333;15.52083333;258.0416667;273.5625
46;45;1;6;0.347826087;13.97826087;269.173913;283.1521739
45;42;3;10;0.355555556;17.8;267.2666667;285.0666667
44;44;0;6;0.363636364;13.63636364;237.2045455;250.8409091
43;43;0;8;0.372093023;14.76744186;264.7209302;279.4883721
46;46;0;10;0.347826087;17.39130435;264.9782609;282.3695652
47;47;0;5;0.340425532;13.17021277;217.4893617;230.6595745
35;35;0;3;0.457142857;13.22857143;213.3428571;226.5714286
33;33;0;0;0.484848485;13.72727273;203.6969697;217.4242424
41;41;0;0;0.390243902;14.14634146;197.902439;212.0487805
40;40;0;6;0.4;16;218.7;234.7
47;44;3;11;0.340425532;15.10638298;262.9787234;278.0851064
49;34;15;12;0.326530612;14.97959184;218.3673469;233.3469388
42;42;0;3;0.380952381;17.16666667;219.7857143;236.952381
39;39;0;5;0.41025641;17.69230769;247.2051282;264.8974359
47;47;0;7;0.340425532;14.59574468;259.3191489;273.9148936
55;51;4;9;0.290909091;16.01818182;241.8727273;257.8909091
51;50;1;14;0.31372549;15.88235294;294.5098039;310.3921569
62;50;12;10;0.258064516;11.43548387;223.9516129;235.3870968
56;52;4;10;0.285714286;14.17857143;244.4642857;258.6428571
43;33;10;11;0.372093023;17.27906977;273.6046512;290.8837209
62;53;9;11;0.258064516;11.11290323;239.8064516;250.9193548
53;47;6;13;0.301886792;14.01886792;233.1509434;247.1698113
36;36;0;2;0.444444444;13.22222222;209.4166667;222.6388889
31;31;0;0;0.451612903;12.90322581;291.4193548;304.3225806
54;47;7;7;0.296296296;14.64814815;246.3888889;261.037037
46;42;4;6;0.347826087;15.08695652;230.4565217;245.5434783
39;39;0;7;0.41025641;14.82051282;262.4358974;277.2564103
46;43;3;8;0.347826087;14.76086957;283.0652174;297.826087
50;50;0;10;0.32;18.78;240.36;259.14
41;41;0;7;0.390243902;13.2195122;261.097561;274.3170732
52;52;0;12;0.307692308;15.23076923;230.4423077;245.6730769
37;37;0;0;0.432432432;15.75675676;175.1351351;190.8918919
45;44;1;11;0.355555556;15.06666667;294.1333333;309.2
55;48;7;11;0.290909091;12.45454545;246.2727273;258.7272727
57;50;7;12;0.280701754;12.28070175;253.0701754;265.3508772
48;44;4;3;0.333333333;13.375;222.2916667;235.6666667
50;50;0;4;0.32;14.5;197.7;212.2
57;37;20;7;0.280701754;11.21052632;202.7017544;213.9122807
43;41;2;13;0.372093023;16.46511628;287.6976744;304.1627907
52;48;4;13;0.307692308;16.65384615;252.6923077;269.3461538
60;45;15;11;0.266666667;13.01666667;217.55;230.5666667
46;46;0;9;0.347826087;14.32608696;251.0434783;265.3695652
37;33;4;12;0.378378378;18.54054054;335.9459459;354.4864865
51;39;12;9;0.31372549;12.1372549;225.1960784;237.3333333
31;31;0;3;0.516129032;22.51612903;184.8387097;207.3548387
37;37;0;0;0.432432432;11.43243243;156.7027027;168.1351351
50;49;1;10;0.32;13.34;282.92;296.26
45;45;0;9;0.355555556;19.64444444;254.7555556;274.4
32;32;0;0;0.5;16.0625;192.5625;208.625
44;44;0;8;0.363636364;15.56818182;257.8636364;273.4318182
41;41;0;1;0.390243902;13.75609756;193.7317073;207.4878049
46;45;1;11;0.347826087;14.08695652;318.7608696;332.8478261
45;43;2;8;0.355555556;13.66666667;268.4;282.0666667
46;46;0;4;0.347826087;16.45652174;242.0434783;258.5
38;38;0;9;0.421052632;19.34210526;278.7368421;298.0789474
41;41;0;8;0.390243902;13.58536585;264.9268293;278.5121951
49;44;5;2;0.326530612;11.81632653;226.4081633;238.2244898
45;43;2;11;0.355555556;14.57777778;292.2222222;306.8
42;42;0;9;0.380952381;15.19047619;281.7619048;296.952381
45;45;0;2;0.355555556;14.95555556;199.8666667;214.8222222
32;32;0;1;0.5;14.71875;238.1875;252.90625
48;47;1;10;0.333333333;12.97916667;262.3125;275.2916667
36;36;0;6;0.444444444;19.61111111;248.0277778;267.6388889
40;39;1;12;0.4;17.575;297.425;315
48;46;2;8;0.333333333;13.39583333;271.1875;284.5833333
45;42;3;10;0.355555556;15.26666667;292.7333333;308
48;37;11;13;0.333333333;15.04166667;250.5208333;265.5625
42;42;0;0;0.380952381;11.73809524;223.1190476;234.8571429
49;41;8;11;0.326530612;15.08163265;248.7346939;263.8163265
48;44;4;10;0.333333333;14.22916667;277.3333333;291.5625
34;34;0;7;0.470588235;18.64705882;270.0294118;288.6764706
47;44;3;11;0.340425532;14.38297872;303.0212766;317.4042553
57;43;14;13;0.280701754;12.07017544;219.8245614;231.8947368
38;38;0;8;0.421052632;15.23684211;268.1578947;283.3947368
58;45;13;10;0.275862069;13.55172414;219.3275862;232.8793103
43;41;2;13;0.372093023;15.81395349;270.7674419;286.5813953
53;49;4;10;0.301886792;13.01886792;262.509434;275.5283019
33;33;0;0;0.484848485;15.96969697;216.2424242;232.2121212
44;44;0;8;0.363636364;14.29545455;239.2727273;253.5681818
41;41;0;5;0.390243902;16.7804878;189.7560976;206.5365854
36;36;0;6;0.444444444;17.63888889;269.4166667;287.0555556
40;40;0;4;0.4;16.8;238.675;255.475
53;51;2;11;0.301886792;14.8490566;254.7924528;269.6415094
43;43;0;1;0.372093023;12.04651163;182.8372093;194.8837209
49;49;0;3;0.326530612;12.40816327;216.3061224;228.7142857
43;43;0;5;0.372093023;14.95348837;229.9767442;244.9302326
43;43;0;7;0.372093023;18.13953488;235.8139535;253.9534884
41;37;4;0;0.390243902;14.3902439;198.4878049;212.8780488
55;50;5;9;0.290909091;10.8;251.4727273;262.2727273
47;47;0;4;0.340425532;13.57446809;255.5106383;269.0851064
43;43;0;2;0.372093023;12.97674419;200.9767442;213.9534884
36;36;0;3;0.444444444;16.91666667;247.3333333;264.25
48;48;0;8;0.333333333;14.35416667;278.1041667;292.4583333
44;44;0;8;0.363636364;14.13636364;282.2954545;296.4318182
50;50;0;13;0.32;16.28;300.3;316.58
39;39;0;13;0.41025641;23.28205128;366.4615385;389.7435897
47;39;8;10;0.340425532;14.78723404;255.6170213;270.4042553
48;45;3;11;0.333333333;13.375;279.3958333;292.7708333
36;36;0;2;0.444444444;13.5;242.4722222;255.9722222
30;30;0;1;0.533333333;17.23333333;184.5333333;201.7666667
31;31;0;0;0.516129032;17.48387097;215.0967742;232.5806452
44;44;0;5;0.363636364;15.47727273;202.1590909;217.6363636
48;46;2;10;0.333333333;12.6875;267.1458333;279.8333333
36;36;0;0;0.444444444;14.22222222;163.4166667;177.6388889
43;43;0;0;0.372093023;12.46511628;210.6511628;223.1162791
37;37;0;11;0.432432432;20.45945946;302.9189189;323.3783784
48;48;0;9;0.333333333;15.16666667;290.4375;305.6041667
47;46;1;11;0.340425532;14.70212766;286.106383;300.8085106
54;42;12;11;0.277777778;13.27777778;223.9074074;237.1851852
40;40;0;10;0.4;20.175;283.825;304
54;46;8;10;0.296296296;13.51851852;242.6296296;256.1481481
59;47;12;10;0.271186441;13.18644068;213.2372881;226.4237288
36;36;0;5;0.444444444;15.94444444;259.9444444;275.8888889
52;47;5;7;0.307692308;12.13461538;254.3269231;266.4615385
46;46;0;6;0.347826087;14.82608696;218.2826087;233.1086957
58;50;8;12;0.275862069;12.31034483;240.137931;252.4482759
56;44;12;12;0.285714286;17.05357143;238.1428571;255.1964286
46;44;2;10;0.347826087;17.43478261;266.8695652;284.3043478
40;40;0;0;0.4;12.775;226.125;238.9
58;44;14;12;0.275862069;15.60344828;226.3275862;241.9310345
35;35;0;3;0.457142857;14.02857143;243.6;257.6285714
46;37;9;6;0.347826087;16.41304348;221.7173913;238.1304348
42;42;0;6;0.380952381;14.5;269.2857143;283.7857143
51;44;7;12;0.31372549;14.78431373;236.5882353;251.372549
60;50;10;13;0.266666667;10.76666667;239.75;250.5166667
37;37;0;0;0.432432432;14.67567568;211.7027027;226.3783784
47;47;0;3;0.340425532;14.42553191;207.4042553;221.8297872
47;47;0;8;0.340425532;14.08510638;253.5957447;267.6808511
40;40;0;4;0.4;17.1;239.9;257
42;42;0;11;0.380952381;14;283.3809524;297.3809524
45;44;1;7;0.355555556;14.28888889;230.9555556;245.2444444
34;34;0;2;0.470588235;15.17647059;258.5294118;273.7058824
46;46;0;6;0.347826087;12.34782609;226.1304348;238.4782609
34;34;0;3;0.470588235;15.58823529;218.5588235;234.1470588
46;46;0;2;0.347826087;12.69565217;202.673913;215.3695652
52;48;4;12;0.307692308;13.44230769;253.9230769;267.3653846
43;43;0;4;0.372093023;11.34883721;223.6976744;235.0465116
35;35;0;9;0.457142857;19.17142857;293.2285714;312.4
42;42;0;4;0.380952381;15.26190476;242.4761905;257.7380952
42;42;0;12;0.380952381;13.42857143;273.8571429;287.2857143
49;40;9;13;0.326530612;15.65306122;266.4897959;282.1428571
40;40;0;6;0.35;15.675;248.7;264.375
46;46;0;12;0.347826087;14.56521739;274.2173913;288.7826087
43;43;0;5;0.372093023;14.55813953;229.6046512;244.1627907
48;47;1;9;0.333333333;15.33333333;282.8541667;298.1875
45;43;2;5;0.355555556;12.84444444;265.0444444;277.8888889
44;44;0;7;0.363636364;13.75;243.9545455;257.7045455
54;44;10;11;0.296296296;15.09259259;221.1296296;236.2222222
43;38;5;11;0.372093023;18.53488372;259.627907;278.1627907
39;39;0;4;0.41025641;14.79487179;228.0769231;242.8717949
41;40;1;10;0.390243902;18.75609756;305.3902439;324.1463415
41;41;0;3;0.390243902;14.70731707;222.9756098;237.6829268
45;45;0;8;0.355555556;15.22222222;268.0222222;283.2444444
45;45;0;12;0.355555556;15.64444444;295.0666667;310.7111111
57;41;16;11;0.280701754;12.78947368;231.5614035;244.3508772
49;43;6;11;0.326530612;13.81632653;235.6326531;249.4489796
34;34;0;4;0.470588235;14.64705882;274.4411765;289.0882353
60;44;16;13;0.266666667;13.36666667;230.7833333;244.15
39;39;0;6;0.41025641;14.30769231;276.7435897;291.0512821
37;33;4;12;0.432432432;17.10810811;298.2972973;315.4054054
39;39;0;3;0.41025641;12.66666667;244.5128205;257.1794872
38;38;0;5;0.421052632;14.63157895;246.1052632;260.7368421
35;35;0;0;0.457142857;13.74285714;186.6285714;200.3714286
37;37;0;8;0.432432432;21;306.1621622;327.1621622
46;46;0;8;0.347826087;15.60869565;268.326087;283.9347826
46;39;7;10;0.347826087;15.56521739;244.0217391;259.5869565
45;45;0;10;0.355555556;17.44444444;298.0888889;315.5333333
41;41;0;0;0.390243902;11.07317073;194.6585366;205.7317073
34;34;0;15;0.470588235;22.29411765;357.1764706;379.4705882
51;39;12;14;0.31372549;16.70588235;274.5098039;291.2156863
45;45;0;7;0.355555556;12.75555556;252.5777778;265.3333333
38;38;0;6;0.421052632;14.89473684;245.3157895;260.2105263
54;52;2;11;0.296296296;12.55555556;258.0555556;270.6111111
47;45;2;10;0.340425532;13.21276596;263.8297872;277.0425532
47;44;3;8;0.340425532;15.76595745;278.6382979;294.4042553
48;41;7;9;0.333333333;13.58333333;265.875;279.4583333
39;39;0;4;0.41025641;15.1025641;258.6666667;273.7692308
49;49;0;6;0.326530612;15.16326531;258.1632653;273.3265306
60;48;12;8;0.25;12.5;196.0166667;208.5166667
30;30;0;1;0.533333333;15.1;209.8333333;224.9333333
47;33;14;12;0.319148936;17.87234043;257.9148936;275.787234
51;50;1;10;0.31372549;17;266.254902;283.254902
36;36;0;6;0.444444444;16;291.9166667;307.9166667
37;37;0;6;0.432432432;15.81081081;239;254.8108108
53;41;12;11;0.301886792;16.56603774;230.3962264;246.9622642
43;43;0;6;0.372093023;13.39534884;221.5581395;234.9534884
64;42;22;12;0.234375;12.96875;176.328125;189.296875
46;44;2;10;0.347826087;16.76086957;288.1086957;304.8695652
44;44;0;11;0.363636364;16.77272727;262.3636364;279.1363636
60;47;13;14;0.266666667;13.28333333;252.2833333;265.5666667
46;45;1;14;0.347826087;15.89130435;289.8695652;305.7608696
62;52;10;13;0.258064516;12.19354839;225.6935484;237.8870968
43;43;0;2;0.372093023;13.34883721;227.8604651;241.2093023
51;51;0;6;0.31372549;11.8627451;249.9607843;261.8235294
47;44;3;10;0.340425532;14.4893617;238.3404255;252.8297872
42;42;0;3;0.380952381;13.85714286;250.9047619;264.7619048
43;41;2;5;0.372093023;16.06976744;270.7906977;286.8604651
50;44;6;10;0.32;12.64;274.62;287.26
52;50;2;11;0.307692308;14.46153846;299.0961538;313.5576923
43;39;4;11;0.372093023;18.23255814;289.9767442;308.2093023
43;39;4;11;0.372093023;18.90697674;279.5813953;298.4883721
45;45;0;12;0.355555556;15.24444444;305.3777778;320.6222222
34;34;0;0;0.470588235;15.17647059;226.1764706;241.3529412
48;48;0;3;0.333333333;15.35416667;188;203.3541667
35;35;0;8;0.457142857;19.4;290.2;309.6
48;48;0;9;0.333333333;14.47916667;261.5625;276.0416667
43;43;0;0;0.372093023;14.62790698;215.1162791;229.744186
41;41;0;12;0.390243902;18.14634146;297.3902439;315.5365854
46;46;0;8;0.347826087;19.91304348;270.5217391;290.4347826
37;37;0;9;0.378378378;19.24324324;326.2432432;345.4864865
36;36;0;14;0.444444444;18.33333333;310.8611111;329.1944444
37;37;0;12;0.432432432;17.62162162;311.7297297;329.3513514
44;44;0;9;0.363636364;15.70454545;282.8636364;298.5681818
52;42;10;11;0.307692308;13.38461538;249.6346154;263.0192308
35;35;0;3;0.457142857;18.68571429;253.6857143;272.3714286
41;41;0;0;0.390243902;11.2195122;224.4146341;235.6341463
51;41;10;13;0.31372549;15.07843137;241;256.0784314
44;44;0;11;0.363636364;17;254.0909091;271.0909091
47;47;0;5;0.340425532;14.0212766;260.1489362;274.1702128
52;40;12;14;0.288461538;18;240.8653846;258.8653846
48;43;5;12;0.333333333;14.3125;269.6041667;283.9166667
48;39;9;9;0.333333333;18.52083333;262.125;280.6458333
36;36;0;2;0.444444444;14.5;234.1944444;248.6944444
43;42;1;10;0.372093023;15.27906977;262.9534884;278.2325581
51;51;0;6;0.31372549;14.47058824;210.6078431;225.0784314
43;43;0;6;0.372093023;14.13953488;222.2093023;236.3488372
39;39;0;3;0.41025641;16.66666667;225.2564103;241.9230769
48;48;0;6;0.333333333;16.20833333;219.2708333;235.4791667
51;42;9;10;0.31372549;15.05882353;248.5686275;263.627451
45;42;3;12;0.355555556;17.02222222;293.5777778;310.6
45;45;0;12;0.355555556;16.91111111;288.8222222;305.7333333
49;44;5;11;0.326530612;16.53061224;271.5918367;288.122449
52;52;0;9;0.307692308;15.09615385;254.8846154;269.9807692
48;45;3;11;0.333333333;14.47916667;270.2708333;284.75
40;40;0;2;0.4;13.475;254.375;267.85
45;43;2;13;0.355555556;16.86666667;274.2888889;291.1555556
34;34;0;5;0.470588235;15.05882353;229.1470588;244.2058824
49;44;5;11;0.326530612;13.95918367;256.4897959;270.4489796
36;36;0;5;0.388888889;16.63888889;271.9444444;288.5833333
45;34;11;11;0.311111111;14.22222222;264.4666667;278.6888889
45;45;0;1;0.355555556;14.97777778;184.5333333;199.5111111
49;49;0;3;0.326530612;15.20408163;221.4081633;236.6122449
37;37;0;0;0.432432432;14.02702703;248.4324324;262.4594595
47;40;7;12;0.340425532;15.93617021;273.2553191;289.1914894
47;35;12;11;0.340425532;15.21276596;211.3829787;226.5957447
32;32;0;1;0.5;15.59375;239.8125;255.40625
37;37;0;1;0.432432432;14.32432432;228.4324324;242.7567568
52;44;8;11;0.307692308;14.36538462;233.2692308;247.6346154
47;47;0;5;0.340425532;10.53191489;277.3617021;287.893617
54;47;7;12;0.296296296;12.90740741;254.9814815;267.8888889
39;39;0;7;0.41025641;15.41025641;264.0769231;279.4871795
59;38;21;14;0.271186441;11.94915254;214.3389831;226.2881356
45;45;0;6;0.355555556;14.26666667;250.8666667;265.1333333
39;39;0;9;0.41025641;15.43589744;317.1538462;332.5897436
56;43;13;13;0.285714286;15.03571429;250.5;265.5357143
51;45;6;7;0.31372549;14.1372549;235;249.1372549
46;43;3;10;0.304347826;15;265.673913;280.673913
42;42;0;5;0.380952381;14.07142857;236.7619048;250.8333333
51;50;1;13;0.31372549;13.41176471;252.7254902;266.1372549
39;39;0;8;0.41025641;16.82051282;224.7179487;241.5384615
47;45;2;12;0.340425532;16.55319149;261.5106383;278.0638298
58;47;11;9;0.275862069;12.79310345;209.1896552;221.9827586
54;45;9;11;0.296296296;14.05555556;226.9814815;241.037037
53;48;5;8;0.301886792;14.0754717;246.3584906;260.4339623
43;43;0;6;0.372093023;15.8372093;281.1162791;296.9534884
40;40;0;6;0.4;15.875;229.95;245.825
51;43;8;9;0.31372549;14.23529412;232.6078431;246.8431373
49;47;2;8;0.326530612;11.46938776;251.6734694;263.1428571
52;52;0;13;0.307692308;14.65384615;276.3653846;291.0192308
59;50;9;14;0.271186441;14.42372881;231.6101695;246.0338983
38;38;0;0;0.421052632;12.36842105;192.2631579;204.6315789
52;48;4;13;0.307692308;14.71153846;299.7692308;314.4807692
51;47;4;10;0.31372549;14.78431373;249.9803922;264.7647059
50;47;3;12;0.32;16.58;260.96;277.54
50;50;0;13;0.32;14;282.7;296.7
42;42;0;3;0.380952381;12.02380952;259.2619048;271.2857143
43;43;0;10;0.372093023;18.97674419;275.0930233;294.0697674
47;46;1;12;0.340425532;15.80851064;315.5744681;331.3829787
45;45;0;9;0.355555556;11.26666667;272.8222222;284.0888889
50;48;2;4;0.32;13.38;222.46;235.84
51;48;3;9;0.31372549;13.66666667;231.0196078;244.6862745
46;46;0;8;0.347826087;14.56521739;274.0869565;288.6521739
43;43;0;4;0.372093023;14.04651163;253.4186047;267.4651163
45;43;2;12;0.355555556;15.8;290.9777778;306.7777778
44;44;0;5;0.363636364;16.04545455;250.3409091;266.3863636
40;40;0;6;0.4;14.35;268.125;282.475
41;41;0;0;0.390243902;14.09756098;174.9756098;189.0731707
46;38;8;13;0.347826087;15.86956522;269.1086957;284.9782609
48;39;9;8;0.333333333;14.3125;255.2708333;269.5833333
50;48;2;13;0.32;13.88;269.8;283.68
43;43;0;12;0.372093023;15.53488372;278.6744186;294.2093023
47;47;0;6;0.340425532;14.14893617;245.0638298;259.212766
39;39;0;8;0.41025641;17.20512821;242.5897436;259.7948718
46;46;0;8;0.347826087;14.7173913;254.3913043;269.1086957
40;40;0;1;0.4;13.425;198.925;212.35
41;41;0;6;0.390243902;15.85365854;289.2682927;305.1219512
52;42;10;12;0.307692308;13.96153846;258.75;272.7115385
46;46;0;14;0.347826087;15.7173913;316.1521739;331.8695652
52;50;2;10;0.307692308;14.28846154;264.3269231;278.6153846
41;41;0;10;0.390243902;15.46341463;266.2682927;281.7317073
46;46;0;10;0.347826087;14.32608696;286.5217391;300.8478261
34;34;0;3;0.470588235;16.88235294;196.7941176;213.6764706
44;44;0;5;0.363636364;17.29545455;246.0681818;263.3636364
50;47;3;9;0.32;12.06;270.94;283
41;38;3;11;0.390243902;15.17073171;284.6829268;299.8536585
44;44;0;12;0.363636364;14.86363636;284.1136364;298.9772727
40;40;0;2;0.4;14.125;244.55;258.675
59;44;15;14;0.271186441;11.71186441;231.9322034;243.6440678
50;42;8;7;0.32;13.22;235.96;249.18
37;37;0;5;0.432432432;12.32432432;257.9459459;270.2702703
49;49;0;7;0.326530612;15.83673469;271.8979592;287.7346939
42;42;0;2;0.380952381;15.5952381;207.1666667;222.7619048
55;53;2;2;0.290909091;11.25454545;214.4727273;225.7272727
48;44;4;4;0.333333333;12.20833333;239.1041667;251.3125
51;50;1;7;0.31372549;12.05882353;254.1372549;266.1960784
41;41;0;2;0.390243902;11.26829268;264.7804878;276.0487805
49;48;1;11;0.326530612;15.73469388;295.5714286;311.3061224
39;39;0;5;0.41025641;15.12820513;249.8205128;264.9487179
51;40;11;12;0.31372549;13.56862745;241.9803922;255.5490196
47;37;10;14;0.340425532;14.08510638;256.3404255;270.4255319
40;40;0;11;0.4;16.825;286.85;303.675
41;41;0;9;0.390243902;17.04878049;302.4390244;319.4878049
32;32;0;0;0.5;14.28125;193.0625;207.34375
40;40;0;2;0.4;13.275;265.325;278.6
45;45;0;6;0.355555556;13.91111111;264.4666667;278.3777778
49;40;9;9;0.326530612;12.34693878;229.8163265;242.1632653
55;51;4;11;0.290909091;17.21818182;261.3818182;278.6
47;43;4;9;0.340425532;15.68085106;265.1914894;280.8723404
45;45;0;4;0.355555556;15.2;213.8444444;229.0444444
31;31;0;5;0.516129032;21.51612903;214.9032258;236.4193548
47;47;0;1;0.340425532;12;222.9148936;234.9148936
39;39;0;8;0.41025641;16.53846154;258.0769231;274.6153846
28;28;0;0;0.571428571;15.71428571;232.0357143;247.75
39;37;2;9;0.41025641;16.58974359;273.2051282;289.7948718
49;49;0;5;0.326530612;12.10204082;237.3877551;249.4897959
46;44;2;12;0.347826087;17.39130435;293.8913043;311.2826087
36;36;0;0;0.444444444;12.08333333;172.2777778;184.3611111
40;40;0;7;0.4;15.325;238.025;253.35
55;45;10;13;0.290909091;14.61818182;250.0181818;264.6363636
49;46;3;10;0.326530612;16.2244898;292.7142857;308.9387755
37;35;2;12;0.432432432;15.56756757;310.4594595;326.027027
42;42;0;2;0.380952381;12.83333333;193.4047619;206.2380952
53;49;4;11;0.301886792;11.9245283;258.3773585;270.3018868
48;41;7;8;0.333333333;15.20833333;264.8125;280.0208333
40;40;0;8;0.4;16.2;268.65;284.85
34;34;0;0;0.470588235;15.32352941;200.6176471;215.9411765
40;40;0;4;0.4;18.05;247.875;265.925
31;31;0;7;0.516129032;20.48387097;277.6774194;298.1612903
37;37;0;1;0.432432432;14.67567568;249.4324324;264.1081081
46;46;0;3;0.347826087;11.73913043;228.5869565;240.326087
41;41;0;10;0.390243902;17.82926829;262.804878;280.6341463
53;49;4;10;0.301886792;12.81132075;258.754717;271.5660377
28;28;0;0;0.571428571;14.57142857;230.75;245.3214286
43;36;7;7;0.372093023;14.44186047;243.6744186;258.1162791
51;51;0;5;0.31372549;15.37254902;217.7843137;233.1568627
46;45;1;8;0.347826087;14.86956522;255.826087;270.6956522
46;43;3;11;0.347826087;15.93478261;278.0652174;294
45;39;6;9;0.355555556;13.15555556;247.7111111;260.8666667
56;50;6;12;0.285714286;14.75;234.5714286;249.3214286
45;43;2;11;0.355555556;16.88888889;295.0222222;311.9111111
46;46;0;9;0.347826087;14.97826087;241.0434783;256.0217391
56;49;7;11;0.285714286;13.64285714;246.25;259.8928571
45;45;0;13;0.355555556;18.28888889;310.4222222;328.7111111
49;49;0;4;0.326530612;16.93877551;221.4285714;238.3673469
44;44;0;8;0.363636364;14.22727273;265.0454545;279.2727273
45;45;0;0;0.355555556;13.57777778;187.6666667;201.2444444
33;33;0;1;0.484848485;16.42424242;208.8484848;225.2727273
46;46;0;7;0.347826087;13;281.3913043;294.3913043
61;46;15;11;0.262295082;12.42622951;226.9508197;239.3770492
47;45;2;10;0.340425532;14.53191489;261.1914894;275.7234043
55;54;1;12;0.290909091;13.94545455;280.4;294.3454545
47;46;1;12;0.340425532;15.55319149;263.8723404;279.4255319
47;47;0;3;0.340425532;13.82978723;209.4893617;223.3191489
47;43;4;6;0.340425532;12.57446809;245.106383;257.6808511
32;32;0;11;0.4375;23.375;309.8125;333.1875
34;34;0;0;0.470588235;12.70588235;224.7058824;237.4117647
36;36;0;3;0.444444444;14.27777778;229.4444444;243.7222222
37;37;0;10;0.432432432;15.91891892;293.0810811;309
52;52;0;5;0.307692308;13.63461538;262.7692308;276.4038462
50;50;0;9;0.32;15.6;257.5;273.1
39;39;0;10;0.41025641;16.94871795;267.1794872;284.1282051
52;48;4;11;0.307692308;10.98076923;255.0769231;266.0576923
30;30;0;2;0.533333333;13.7;261.0666667;274.7666667
44;44;0;12;0.363636364;16.5;282.6590909;299.1590909
49;46;3;8;0.326530612;14.85714286;271.8571429;286.7142857
44;43;1;11;0.363636364;18.79545455;263.5909091;282.3863636
44;41;3;4;0.363636364;12.04545455;240.2045455;252.25
46;44;2;0;0.347826087;12.04347826;220.4782609;232.5217391
51;46;5;9;0.31372549;15.05882353;250.9607843;266.0196078
47;46;1;8;0.340425532;16.76595745;252.6595745;269.4255319
46;38;8;10;0.347826087;12.36956522;254.5217391;266.8913043
41;39;2;11;0.390243902;15.04878049;290.1219512;305.1707317
42;42;0;11;0.380952381;16.11904762;325.452381;341.5714286
43;43;0;12;0.372093023;17.93023256;289.1627907;307.0930233
44;44;0;7;0.363636364;17.40909091;241.5909091;259
53;50;3;10;0.301886792;14.94339623;259.4150943;274.3584906
46;46;0;0;0.347826087;11.2826087;211.173913;222.4565217
40;40;0;2;0.4;15.875;204.075;219.95
36;36;0;6;0.444444444;14.77777778;267.6388889;282.4166667
39;39;0;1;0.41025641;12.51282051;217.6923077;230.2051282
35;35;0;3;0.457142857;15.54285714;294.3428571;309.8857143
39;39;0;6;0.41025641;15.20512821;226.7179487;241.9230769
48;41;7;9;0.333333333;14.375;250.3125;264.6875
39;39;0;5;0.41025641;14.69230769;256.4615385;271.1538462
47;47;0;10;0.340425532;15.06382979;284.8723404;299.9361702
46;46;0;7;0.347826087;16.54347826;214.2608696;230.8043478
48;47;1;10;0.333333333;12.875;288.0208333;300.8958333
39;39;0;4;0.41025641;12.20512821;230.8461538;243.0512821
42;42;0;3;0.380952381;15.97619048;206.4047619;222.3809524
35;35;0;9;0.457142857;15.88571429;297.2571429;313.1428571
39;33;6;10;0.41025641;16.61538462;297.5128205;314.1282051
56;43;13;11;0.285714286;10.75;229.8392857;240.5892857
33;33;0;2;0.484848485;13.57575758;239.5757576;253.1515152
46;46;0;6;0.347826087;15.84782609;267.9565217;283.8043478
43;43;0;1;0.372093023;12.8372093;215.0930233;227.9302326
49;49;0;12;0.326530612;15.87755102;267.2857143;283.1632653
53;48;5;9;0.301886792;14.35849057;245.509434;259.8679245
48;41;7;9;0.333333333;16.39583333;256.3541667;272.75
59;46;13;4;0.271186441;9.661016949;205.7118644;215.3728814
45;45;0;9;0.311111111;12.88888889;287.7111111;300.6
65;64;1;10;0.246153846;12.13846154;256.1076923;268.2461538
45;45;0;11;0.355555556;14.68888889;306.1111111;320.8
37;37;0;4;0.432432432;13.08108108;255.4594595;268.5405405
37;37;0;0;0.432432432;14.08108108;266.027027;280.1081081
46;46;0;2;0.347826087;12.19565217;233.4565217;245.6521739
37;37;0;0;0.432432432;13.72972973;203.2702703;217
39;39;0;6;0.41025641;16.23076923;249.5641026;265.7948718
46;39;7;9;0.347826087;11.54347826;265.2173913;276.7608696
40;40;0;7;0.4;14.825;250.625;265.45
53;48;5;10;0.301886792;13.98113208;253.3018868;267.2830189
35;35;0;5;0.457142857;16.57142857;235.1428571;251.7142857
59;53;6;11;0.271186441;13.83050847;229.0508475;242.8813559
40;40;0;5;0.4;14.9;220.25;235.15
50;50;0;6;0.32;13.38;230.78;244.16
57;48;9;10;0.280701754;11.71929825;240.3333333;252.0526316
47;38;9;8;0.29787234;11.55319149;247.1276596;258.6808511
49;49;0;4;0.326530612;12.59183673;184.6938776;197.2857143
39;39;0;5;0.41025641;15.12820513;233.1025641;248.2307692
48;48;0;9;0.333333333;16.54166667;250.9791667;267.5208333
48;47;1;12;0.333333333;15.60416667;317.3125;332.9166667
41;41;0;0;0.390243902;10.31707317;223.5121951;233.8292683
47;43;4;14;0.340425532;15.95744681;287.8085106;303.7659574
47;47;0;9;0.340425532;15.85106383;263;278.8510638
42;41;1;11;0.380952381;20.57142857;295.4761905;316.047619
40;40;0;8;0.4;18.85;261.625;280.475
59;39;20;9;0.271186441;11.66101695;190.6949153;202.3559322
43;43;0;11;0.372093023;19.97674419;256.4418605;276.4186047
44;44;0;9;0.363636364;15.02272727;265.4772727;280.5
55;55;0;12;0.290909091;14.03636364;278.5636364;292.6
43;42;1;3;0.372093023;14.60465116;239.6976744;254.3023256
46;46;0;8;0.347826087;14.10869565;246.7826087;260.8913043
42;42;0;3;0.380952381;13.64285714;193.5952381;207.2380952
33;33;0;1;0.484848485;13.42424242;195.7272727;209.1515152
41;38;3;11;0.390243902;17.73170732;305.5121951;323.2439024
50;49;1;4;0.32;13.76;237.56;251.32
48;45;3;12;0.333333333;15.08333333;277.0625;292.1458333
44;44;0;8;0.363636364;15.77272727;252.0454545;267.8181818
44;39;5;10;0.363636364;16.04545455;269.5681818;285.6136364
53;41;12;11;0.301886792;12.30188679;232.1509434;244.4528302
44;44;0;5;0.363636364;11.27272727;177.1818182;188.4545455
48;42;6;13;0.333333333;13.5625;258.1666667;271.7291667
45;41;4;8;0.355555556;15.13333333;236.8888889;252.0222222
43;43;0;12;0.372093023;15.55813953;326.2325581;341.7906977
41;41;0;3;0.390243902;14.31707317;251.7804878;266.097561
43;38;5;13;0.372093023;19.58139535;298.6744186;318.255814
53;46;7;10;0.301886792;13.67924528;250;263.6792453
42;42;0;6;0.380952381;14;237.952381;251.952381
53;53;0;9;0.301886792;12.1509434;279.0377358;291.1886792
47;47;0;3;0.340425532;12.14893617;202.9574468;215.106383
42;38;4;14;0.380952381;17.5;286;303.5
44;41;3;13;0.363636364;18.20454545;278.9772727;297.1818182
36;36;0;3;0.444444444;17.44444444;267.5555556;285
43;43;0;11;0.372093023;14.62790698;256.3255814;270.9534884
50;50;0;6;0.32;11.98;268.16;280.14
41;41;0;3;0.390243902;11.87804878;210.1219512;222
62;61;1;14;0.258064516;14.09677419;246.4193548;260.516129
55;51;4;10;0.290909091;12.72727273;225.4909091;238.2181818
51;45;6;8;0.31372549;12.62745098;247.8235294;260.4509804
46;44;2;10;0.347826087;13.58695652;289.4130435;303
44;44;0;3;0.363636364;15.52272727;203.6136364;219.1363636
43;43;0;8;0.372093023;14.20930233;214.4651163;228.6744186
55;50;5;6;0.290909091;14.41818182;226.3454545;240.7636364
39;39;0;1;0.41025641;15.58974359;202.0769231;217.6666667
33;33;0;4;0.424242424;13.48484848;285.5151515;299
59;40;19;11;0.271186441;11.16949153;205.6949153;216.8644068
50;49;1;14;0.32;13.08;280.2;293.28
34;34;0;4;0.470588235;19.76470588;216.4411765;236.2058824
63;63;0;8;0.253968254;11.58730159;217.1111111;228.6984127
47;47;0;9;0.340425532;15.19148936;244;259.1914894
37;37;0;7;0.432432432;16.05405405;275.8378378;291.8918919
42;37;5;5;0.380952381;13.78571429;233.952381;247.7380952
37;37;0;2;0.432432432;15.27027027;218.2972973;233.5675676
42;42;0;7;0.380952381;16.92857143;288.2142857;305.1428571
51;48;3;12;0.31372549;14.37254902;254.0196078;268.3921569
53;47;6;10;0.301886792;12.8490566;242.1886792;255.0377358
54;52;2;10;0.296296296;13.96296296;258.1666667;272.1296296
58;50;8;12;0.275862069;12.75862069;218.4482759;231.2068966
40;40;0;13;0.4;17.55;322.575;340.125
48;37;11;15;0.3125;15.375;245.1666667;260.5416667
43;43;0;6;0.372093023;14.27906977;232.8372093;247.1162791
41;41;0;4;0.390243902;16.56097561;210.9512195;227.5121951
44;44;0;10;0.363636364;15.13636364;284.75;299.8863636
29;29;0;0;0.551724138;13.37931034;213.5172414;226.8965517
36;36;0;3;0.444444444;16.05555556;232.4722222;248.5277778
51;51;0;13;0.31372549;16.35294118;298.0784314;314.4313725
43;43;0;1;0.372093023;14.37209302;206.2790698;220.6511628
43;42;1;12;0.372093023;15.93023256;320.4418605;336.372093
44;44;0;3;0.363636364;13.18181818;223.4090909;236.5909091
41;41;0;8;0.390243902;15.87804878;257.7804878;273.6585366
40;40;0;7;0.4;17.275;264.875;282.15
51;43;8;7;0.31372549;12.50980392;236.7647059;249.2745098
45;45;0;0;0.355555556;11.44444444;206.6666667;218.1111111
45;40;5;10;0.355555556;14.11111111;291.7111111;305.8222222
46;39;7;14;0.347826087;15.13043478;274.4782609;289.6086957
43;41;2;9;0.372093023;17.44186047;282.9302326;300.372093
38;38;0;3;0.421052632;15.76315789;245.9736842;261.7368421
52;52;0;0;0.307692308;12.78846154;207.25;220.0384615
46;43;3;8;0.347826087;15.2826087;275.9347826;291.2173913
40;37;3;14;0.4;18.25;313.875;332.125
47;47;0;12;0.340425532;17.38297872;287.4042553;304.787234
50;50;0;6;0.32;11.88;262.78;274.66
40;40;0;5;0.4;15.35;245.275;260.625
36;36;0;3;0.444444444;15.5;220.0833333;235.5833333
37;37;0;1;0.432432432;14.62162162;211.4594595;226.0810811
51;48;3;12;0.31372549;13.96078431;272.0196078;285.9803922
51;46;5;5;0.31372549;11.84313725;232.8431373;244.6862745
41;41;0;12;0.390243902;15.24390244;272.804878;288.0487805
45;45;0;6;0.355555556;16.75555556;222.3777778;239.1333333
33;33;0;0;0.484848485;9.454545455;223.7272727;233.1818182
50;50;0;12;0.32;15.44;249.5;264.94
41;41;0;2;0.390243902;14.56097561;216.8292683;231.3902439
40;40;0;8;0.35;14.1;294.75;308.85
44;44;0;1;0.363636364;14.68181818;177.3181818;192
36;36;0;0;0.444444444;13.30555556;204.0555556;217.3611111
43;43;0;3;0.372093023;11.20930233;221.744186;232.9534884
53;38;15;10;0.301886792;11.77358491;226.8113208;238.5849057
54;54;0;0;0.296296296;10.68518519;203.2037037;213.8888889
42;42;0;3;0.380952381;14.64285714;235.0714286;249.7142857
53;50;3;10;0.301886792;15.8490566;274.6792453;290.5283019
40;40;0;0;0.4;13.425;185.05;198.475
50;47;3;12;0.32;12.08;249.3;261.38
47;47;0;10;0.340425532;16.53191489;258.8085106;275.3404255
43;41;2;9;0.372093023;17.34883721;280.8372093;298.1860465
36;36;0;1;0.444444444;13.5;230.5833333;244.0833333
41;41;0;0;0.390243902;10.65853659;193.1463415;203.804878
40;40;0;1;0.4;11.025;204.225;215.25
44;44;0;5;0.363636364;13.34090909;228.5681818;241.9090909
38;38;0;12;0.421052632;17.86842105;333.9473684;351.8157895
49;49;0;6;0.326530612;15.51020408;217.2244898;232.7346939
37;37;0;7;0.432432432;13.2972973;296.9189189;310.2162162
51;51;0;10;0.31372549;12.64705882;256.4901961;269.1372549
36;36;0;2;0.444444444;13.52777778;230.0277778;243.5555556
35;35;0;7;0.457142857;20.71428571;248.3142857;269.0285714
41;40;1;7;0.390243902;14.63414634;241.1707317;255.804878
47;41;6;10;0.340425532;14.12765957;244.4893617;258.6170213
43;43;0;4;0.372093023;15.39534884;227.3953488;242.7906977
51;50;1;12;0.31372549;16.03921569;295.745098;311.7843137
63;50;13;13;0.253968254;14.77777778;229.1428571;243.9206349
41;41;0;10;0.390243902;20.04878049;284.3170732;304.3658537
46;44;2;8;0.347826087;14.26086957;251.7608696;266.0217391
30;30;0;0;0.533333333;13.7;224.3;238
45;39;6;3;0.333333333;13.33333333;228.4666667;241.8
59;47;12;9;0.271186441;11.55932203;237.220339;248.779661
49;49;0;9;0.326530612;10.53061224;241.8979592;252.4285714
41;41;0;5;0.390243902;15.04878049;236.5121951;251.5609756
37;37;0;0;0.432432432;12.97297297;188.5945946;201.5675676
40;40;0;7;0.4;14.85;245.725;260.575
48;44;4;7;0.333333333;11.83333333;245.3125;257.1458333
45;39;6;10;0.355555556;12.57777778;243.5555556;256.1333333
50;50;0;2;0.32;11.74;222.46;234.2
49;49;0;9;0.326530612;14.10204082;247.2244898;261.3265306
47;46;1;14;0.340425532;17.10638298;297.5957447;314.7021277
42;40;2;5;0.380952381;14.97619048;243.3095238;258.2857143
40;39;1;9;0.4;19.175;294.025;313.2
40;39;1;11;0.4;20.425;292.575;313
40;40;0;7;0.4;14.5;259.225;273.725
40;40;0;10;0.4;17.45;330.575;348.025
48;47;1;10;0.333333333;13.39583333;296;309.3958333
49;48;1;6;0.326530612;13.30612245;258.4489796;271.755102
39;39;0;8;0.41025641;15.92307692;312.5897436;328.5128205
52;48;4;12;0.307692308;13.07692308;279.5769231;292.6538462
50;48;2;12;0.32;13.34;271.52;284.86
40;40;0;2;0.4;12.775;249.25;262.025
42;42;0;7;0.380952381;15.35714286;269.6428571;285
43;40;3;14;0.372093023;18.86046512;304.2093023;323.0697674
40;40;0;5;0.4;14.55;256.975;271.525
46;45;1;13;0.347826087;21.58695652;306.0434783;327.6304348
45;45;0;9;0.355555556;16.68888889;287.5333333;304.2222222
36;36;0;0;0.444444444;8.305555556;156.0277778;164.3333333
51;49;2;13;0.31372549;13.05882353;276.5098039;289.5686275
44;44;0;3;0.363636364;13.04545455;219.5227273;232.5681818
37;37;0;6;0.432432432;17.02702703;264.4864865;281.5135135
32;32;0;0;0.5;14.0625;169.0625;183.125
42;42;0;9;0.380952381;16.07142857;273.8333333;289.9047619
40;40;0;0;0.4;13.5;230.675;244.175
38;38;0;4;0.421052632;11.89473684;236.4210526;248.3157895
59;48;11;10;0.271186441;12.01694915;240.0677966;252.0847458
31;31;0;4;0.516129032;15.48387097;275.4193548;290.9032258
40;40;0;3;0.4;15.225;234.625;249.85
58;50;8;8;0.275862069;11.53448276;254.7068966;266.2413793
36;36;0;0;0.444444444;11.11111111;182.5833333;193.6944444
45;44;1;5;0.355555556;14.24444444;263.6222222;277.8666667
47;47;0;8;0.340425532;15.29787234;251.893617;267.1914894
50;49;1;13;0.32;12.72;282.56;295.28
42;38;4;9;0.380952381;16.30952381;280.8571429;297.1666667
40;40;0;1;0.4;11.925;186.05;197.975
35;35;0;0;0.457142857;14.71428571;233;247.7142857
53;42;11;10;0.301886792;13.86792453;242.2830189;256.1509434
47;42;5;12;0.340425532;17;240.4468085;257.4468085
46;45;1;12;0.347826087;14.39130435;269.5869565;283.9782609
41;41;0;7;0.390243902;13.2195122;248.7317073;261.9512195
42;42;0;8;0.380952381;16.88095238;268.9047619;285.7857143
40;40;0;5;0.4;12.85;241.3;254.15
48;47;1;13;0.333333333;12.64583333;301.5833333;314.2291667
50;44;6;9;0.32;15.12;241.94;257.06
56;47;9;10;0.285714286;12.05357143;204.8035714;216.8571429
49;49;0;7;0.326530612;13.36734694;265.7755102;279.1428571
49;49;0;8;0.326530612;14.18367347;237.7346939;251.9183673
48;40;8;10;0.333333333;12.8125;245.4791667;258.2916667
57;47;10;11;0.280701754;11.12280702;244.4210526;255.5438596
38;38;0;9;0.421052632;18.47368421;307.3684211;325.8421053
49;43;6;13;0.326530612;15.67346939;271.6326531;287.3061224
43;42;1;9;0.372093023;14.58139535;289.255814;303.8372093
54;39;15;10;0.296296296;11.14814815;224.5;235.6481481
34;34;0;0;0.470588235;14.41176471;217.5;231.9117647
53;43;10;13;0.301886792;14.16981132;262.3207547;276.490566
49;49;0;2;0.326530612;12;223.3265306;235.3265306
50;50;0;10;0.32;14.56;280.92;295.48
47;43;4;12;0.340425532;12.57446809;280.1914894;292.7659574
50;44;6;7;0.32;14.4;245.4;259.8
51;50;1;14;0.31372549;14.50980392;267.4901961;282
39;39;0;11;0.41025641;16.71794872;313.1025641;329.8205128
37;37;0;5;0.432432432;14.02702703;195.2702703;209.2972973
44;39;5;7;0.363636364;15.31818182;253.0227273;268.3409091
32;32;0;3;0.5;18.0625;244.15625;262.21875
43;38;5;12;0.372093023;17.62790698;279.5348837;297.1627907
42;42;0;5;0.380952381;18.57142857;258.452381;277.0238095
37;37;0;8;0.432432432;17.18918919;297.972973;315.1621622
48;45;3;11;0.333333333;14.64583333;304.5833333;319.2291667
42;42;0;11;0.380952381;19.45238095;333.7619048;353.2142857
46;46;0;9;0.347826087;15.26086957;257.2826087;272.5434783
44;38;6;10;0.363636364;15.27272727;246.5;261.7727273
50;48;2;12;0.32;14.88;253.8;268.68
51;41;10;11;0.31372549;15.49019608;256.1960784;271.6862745
49;44;5;12;0.326530612;16.08163265;259.3061224;275.3877551
46;42;4;14;0.347826087;12.36956522;277.6304348;290
39;39;0;7;0.41025641;14.74358974;236.7179487;251.4615385
48;43;5;12;0.333333333;17.1875;254.375;271.5625
44;43;1;11;0.363636364;14.54545455;270.0454545;284.5909091
43;43;0;6;0.372093023;12.79069767;216.8604651;229.6511628
35;35;0;0;0.457142857;11.97142857;163.7142857;175.6857143
48;48;0;14;0.333333333;18.16666667;312.4583333;330.625
46;43;3;14;0.347826087;16.02173913;266.826087;282.8478261
40;38;2;14;0.4;19.675;311.3;330.975
41;41;0;4;0.390243902;15.14634146;233.6341463;248.7804878
45;45;0;5;0.355555556;17.71111111;227.1333333;244.8444444
48;44;4;5;0.333333333;13.27083333;230.75;244.0208333
49;49;0;7;0.326530612;12.28571429;255.0816327;267.3673469
34;34;0;0;0.470588235;12.58823529;236.5588235;249.1470588
38;38;0;2;0.421052632;11.39473684;247.7631579;259.1578947
51;44;7;13;0.31372549;14.52941176;250.7647059;265.2941176
42;42;0;4;0.380952381;15.45238095;239.0952381;254.547619
38;38;0;2;0.421052632;13.21052632;238.9473684;252.1578947
41;38;3;13;0.390243902;16.12195122;312.195122;328.3170732
44;44;0;11;0.363636364;15.68181818;283.9090909;299.5909091
47;40;7;13;0.340425532;14.63829787;272.8510638;287.4893617
48;44;4;10;0.333333333;14.60416667;237.25;251.8541667
41;41;0;0;0.390243902;14.19512195;222.7804878;236.9756098
54;42;12;13;0.296296296;14.72222222;234.5;249.2222222
46;46;0;7;0.347826087;14.41304348;239.7608696;254.173913
45;40;5;9;0.355555556;17.22222222;272.0666667;289.2888889
51;47;4;11;0.31372549;13.39215686;256.7058824;270.0980392
39;39;0;2;0.41025641;13.48717949;221.1025641;234.5897436
39;39;0;7;0.41025641;16.56410256;274.6666667;291.2307692
42;42;0;6;0.380952381;14.28571429;246.6666667;260.952381
46;46;0;7;0.347826087;12.13043478;286.8913043;299.0217391
46;46;0;10;0.347826087;16.52173913;285.1086957;301.6304348
51;50;1;9;0.31372549;16.03921569;250.9607843;267
36;36;0;0;0.444444444;12.91666667;233.1111111;246.0277778
42;42;0;5;0.380952381;12.16666667;226.3571429;238.5238095
45;45;0;9;0.355555556;15.17777778;262.5111111;277.6888889
43;43;0;12;0.372093023;16.79069767;316.4418605;333.2325581
41;41;0;1;0.390243902;13.6097561;208.1463415;221.7560976
45;44;1;9;0.355555556;17.8;291.2;309
47;46;1;10;0.29787234;14.78723404;286.4468085;301.2340426
44;44;0;6;0.363636364;14.95454545;270.2272727;285.1818182
41;41;0;7;0.390243902;16.7804878;252.3414634;269.1219512
49;42;7;9;0.326530612;11.63265306;218.0612245;229.6938776
51;51;0;6;0.31372549;12.94117647;208.9215686;221.8627451
42;42;0;1;0.380952381;12.92857143;202.1428571;215.0714286
36;36;0;1;0.444444444;12.72222222;239.6388889;252.3611111
52;52;0;9;0.307692308;10.51923077;256.0576923;266.5769231
37;37;0;6;0.432432432;15.51351351;254.1891892;269.7027027
39;39;0;6;0.41025641;15.58974359;262.5384615;278.1282051
45;40;5;9;0.355555556;14.57777778;272.8888889;287.4666667
46;46;0;5;0.347826087;12.86956522;244.5434783;257.4130435
52;52;0;13;0.307692308;13.98076923;255.4423077;269.4230769
48;48;0;10;0.333333333;14.83333333;267.8333333;282.6666667
53;49;4;11;0.301886792;14.22641509;248.8490566;263.0754717
40;40;0;12;0.4;17.25;303.325;320.575
38;38;0;5;0.421052632;13.05263158;252.0526316;265.1052632
55;48;7;13;0.290909091;15.12727273;225.3272727;240.4545455
47;38;9;7;0.340425532;12.87234043;225.3404255;238.212766
50;48;2;9;0.32;16.98;251.2;268.18
50;50;0;10;0.32;14.26;272.02;286.28
38;38;0;7;0.368421053;17.86842105;288.2894737;306.1578947
37;37;0;4;0.432432432;17.45945946;213.5135135;230.972973
38;38;0;6;0.421052632;16.31578947;274.1842105;290.5
41;41;0;5;0.390243902;14.51219512;255.2439024;269.7560976
51;44;7;12;0.31372549;13.62745098;256.254902;269.8823529
42;40;2;13;0.380952381;17.33333333;275.5714286;292.9047619
43;42;1;13;0.372093023;18.34883721;275.8139535;294.1627907
54;44;10;15;0.277777778;14.14814815;257;271.1481481
49;47;2;12;0.326530612;15.79591837;289.3061224;305.1020408
46;41;5;9;0.347826087;15.26086957;231.7391304;247
47;47;0;11;0.340425532;16.57446809;281.6382979;298.212766
51;42;9;12;0.31372549;13.7254902;251.7843137;265.5098039
43;43;0;7;0.372093023;14.23255814;265.8837209;280.1162791
47;46;1;11;0.340425532;16.12765957;324.6382979;340.7659574
52;48;4;13;0.307692308;15.19230769;255.8846154;271.0769231
63;50;13;13;0.253968254;12.14285714;226.4920635;238.6349206
49;49;0;8;0.326530612;13.91836735;262.1428571;276.0612245
58;52;6;11;0.275862069;14.46551724;239.4310345;253.8965517
37;37;0;2;0.432432432;13.83783784;228.1621622;242
33;33;0;1;0.484848485;16.06060606;208.2121212;224.2727273
61;61;0;7;0.262295082;14.67213115;237;251.6721311
45;45;0;4;0.355555556;12.37777778;253.1555556;265.5333333
48;46;2;10;0.333333333;14.64583333;273.8541667;288.5
44;44;0;6;0.363636364;13.5;216.3409091;229.8409091
50;49;1;8;0.32;11.72;264.2;275.92
48;48;0;5;0.333333333;11.45833333;237.8541667;249.3125
42;42;0;10;0.380952381;18.23809524;284.6428571;302.8809524
43;43;0;12;0.372093023;19.09302326;276.627907;295.7209302
33;33;0;0;0.484848485;13.84848485;201.5757576;215.4242424
51;38;13;14;0.31372549;16.50980392;244.745098;261.254902
39;39;0;7;0.358974359;17.23076923;283.5384615;300.7692308
41;37;4;11;0.390243902;17;282.7560976;299.7560976
48;48;0;10;0.333333333;12.70833333;277.3333333;290.0416667
45;45;0;9;0.355555556;15.71111111;281.7555556;297.4666667
55;48;7;11;0.290909091;15.72727273;245.4545455;261.1818182
49;49;0;11;0.326530612;14.6122449;230.8163265;245.4285714
52;34;18;9;0.307692308;14.17307692;205.5576923;219.7307692
53;49;4;10;0.301886792;14.18867925;279.490566;293.6792453
58;58;0;8;0.275862069;15.82758621;216.3275862;232.1551724
41;40;1;11;0.390243902;16.51219512;281.195122;297.7073171
26;26;0;0;0.615384615;18.26923077;196.2692308;214.5384615
51;51;0;8;0.31372549;14.19607843;226.5294118;240.7254902
48;48;0;10;0.333333333;13.33333333;269.9375;283.2708333
46;41;5;8;0.347826087;14.89130435;233.3478261;248.2391304
45;32;13;9;0.355555556;13.31111111;217.2666667;230.5777778
51;51;0;4;0.31372549;13.70588235;228.1960784;241.9019608
34;34;0;0;0.470588235;12.17647059;225.4117647;237.5882353
44;44;0;5;0.363636364;12.79545455;205.2272727;218.0227273
42;42;0;2;0.380952381;14.07142857;239.6428571;253.7142857
45;45;0;13;0.355555556;16;307.7333333;323.7333333
46;45;1;13;0.347826087;14.5;281.2608696;295.7608696
35;35;0;5;0.457142857;14.28571429;219.2571429;233.5428571
38;37;1;6;0.421052632;14.71052632;274.3421053;289.0526316
52;41;11;11;0.307692308;14.84615385;243.1923077;258.0384615
52;47;5;12;0.307692308;16.90384615;255.8461538;272.75
44;36;8;8;0.363636364;13.09090909;245.7045455;258.7954545
48;48;0;8;0.333333333;16.08333333;231.125;247.2083333
41;41;0;5;0.390243902;16.70731707;240.4878049;257.195122
63;38;25;13;0.253968254;11.28571429;193.968254;205.2539683
55;43;12;12;0.290909091;13.03636364;225.1818182;238.2181818
45;45;0;6;0.355555556;14.57777778;220.0222222;234.6
39;39;0;0;0.41025641;11.46153846;196.3589744;207.8205128
41;41;0;4;0.390243902;12.82926829;268.0731707;280.902439
50;50;0;9;0.32;15.6;270.62;286.22
54;47;7;8;0.296296296;14.42592593;217.8148148;232.2407407
38;38;0;0;0.421052632;11.94736842;231.6052632;243.5526316
48;48;0;0;0.333333333;10.41666667;232.5833333;243
58;44;14;9;0.275862069;11.93103448;224.0172414;235.9482759
38;38;0;4;0.421052632;15.57894737;229.4473684;245.0263158
31;31;0;0;0.516129032;13.19354839;156;169.1935484
35;35;0;2;0.457142857;13.45714286;215.3142857;228.7714286
61;55;6;10;0.262295082;12.93442623;212.442623;225.3770492
41;41;0;8;0.390243902;16.97560976;256.3414634;273.3170732
42;42;0;5;0.380952381;12.97619048;232.5238095;245.5
47;43;4;13;0.340425532;16.0212766;266.2553191;282.2765957
45;45;0;7;0.355555556;14.62222222;272.3333333;286.9555556
45;44;1;9;0.355555556;13.91111111;274.1111111;288.0222222
54;54;0;7;0.296296296;12.09259259;267.0555556;279.1481481
42;42;0;6;0.380952381;13.95238095;257.2380952;271.1904762
39;39;0;7;0.41025641;15.8974359;252.5384615;268.4358974
65;60;5;10;0.246153846;9.938461538;223.9538462;233.8923077
37;37;0;0;0.432432432;14.08108108;165.5675676;179.6486486
32;32;0;0;0.5;14.25;189.5;203.75
49;46;3;8;0.326530612;12.73469388;268.6122449;281.3469388
44;44;0;3;0.363636364;12.95454545;240.8181818;253.7727273
41;41;0;0;0.390243902;13.04878049;182.9756098;196.0243902
57;39;18;9;0.263157895;11.9122807;187.8070175;199.7192982
45;38;7;7;0.355555556;16.2;244.2444444;260.4444444
54;45;9;11;0.296296296;14.48148148;221.2962963;235.7777778
59;51;8;10;0.271186441;14.3559322;227.8135593;242.1694915
43;43;0;8;0.372093023;16.11627907;276.9767442;293.0930233
43;40;3;14;0.372093023;16.88372093;315.627907;332.5116279
55;53;2;10;0.290909091;14.36363636;248.0181818;262.3818182
37;37;0;3;0.432432432;14.05405405;246.4594595;260.5135135
43;43;0;8;0.372093023;16.25581395;250.3953488;266.6511628
43;39;4;11;0.372093023;15.09302326;285.4883721;300.5813953
50;50;0;10;0.32;12.56;271.8;284.36
47;47;0;5;0.340425532;12.19148936;232.8510638;245.0425532
54;47;7;12;0.296296296;15.64814815;251.4814815;267.1296296
51;51;0;8;0.31372549;11.92156863;224.0196078;235.9411765
53;39;14;10;0.301886792;12.0754717;209.7169811;221.7924528
42;42;0;6;0.380952381;14.38095238;266.3333333;280.7142857
37;37;0;1;0.432432432;13.7027027;227.4324324;241.1351351
45;45;0;6;0.311111111;12.46666667;261.9333333;274.4
40;36;4;11;0.4;17;303.575;320.575
46;42;4;12;0.347826087;16.7826087;261.4565217;278.2391304
42;42;0;9;0.380952381;15.54761905;301.1190476;316.6666667
42;42;0;0;0.380952381;13.38095238;211.0238095;224.4047619
40;40;0;7;0.4;14.525;292.95;307.475
44;40;4;5;0.363636364;14.79545455;266.7272727;281.5227273
40;40;0;2;0.4;12.8;205.85;218.65
44;44;0;8;0.363636364;14.20454545;263.3181818;277.5227273
54;51;3;8;0.296296296;15.27777778;229.1666667;244.4444444
52;51;1;9;0.307692308;14.78846154;257.6538462;272.4423077
51;45;6;10;0.31372549;15.07843137;247.2941176;262.372549
48;47;1;12;0.333333333;14.22916667;259.9375;274.1666667
50;39;11;9;0.32;11.04;220.72;231.76
40;40;0;3;0.4;13.075;258;271.075
39;39;0;3;0.41025641;11.38461538;260.3076923;271.6923077
42;42;0;0;0.380952381;9.928571429;199;208.9285714
40;40;0;9;0.4;19.75;260.325;280.075
37;37;0;11;0.432432432;18.97297297;300.7027027;319.6756757
58;56;2;13;0.275862069;14.06896552;241.1551724;255.2241379
40;40;0;5;0.4;15.1;240.825;255.925
46;46;0;10;0.347826087;17.36956522;269.9565217;287.326087
44;44;0;9;0.363636364;16.59090909;258.6590909;275.25
41;41;0;8;0.390243902;16.97560976;296.4878049;313.4634146
42;42;0;6;0.380952381;14.11904762;258.7619048;272.8809524
39;37;2;11;0.41025641;17.56410256;321.2564103;338.8205128
45;45;0;9;0.355555556;14.48888889;249.8;264.2888889
50;50;0;11;0.32;15.04;265.5;280.54
48;48;0;12;0.333333333;15.625;311.625;327.25
46;46;0;8;0.347826087;15.02173913;237.5869565;252.6086957
53;44;9;11;0.301886792;14.79245283;251.4716981;266.2641509
50;50;0;4;0.32;12.14;244.48;256.62
47;47;0;3;0.340425532;13.29787234;259.6382979;272.9361702
34;34;0;2;0.470588235;15.11764706;213.5;228.6176471
40;40;0;6;0.4;12.975;297.8;310.775
35;35;0;0;0.457142857;12.25714286;217.6857143;229.9428571
47;44;3;10;0.340425532;14.08510638;264.3404255;278.4255319
42;42;0;9;0.380952381;15.11904762;276.0714286;291.1904762
51;41;10;8;0.31372549;14.60784314;253.4509804;268.0588235
46;46;0;5;0.347826087;14.39130435;224.1521739;238.5434783
38;38;0;9;0.421052632;14.73684211;286.1842105;300.9210526
34;34;0;0;0.470588235;12.02941176;176.2941176;188.3235294
38;38;0;0;0.421052632;9.973684211;216.6578947;226.6315789
38;38;0;8;0.368421053;16.68421053;318.7368421;335.4210526
49;49;0;9;0.326530612;13.34693878;245.5102041;258.8571429
39;39;0;1;0.41025641;12.33333333;186.8205128;199.1538462
37;37;0;9;0.432432432;16.2972973;293.1081081;309.4054054
46;42;4;7;0.347826087;14.2173913;253.4782609;267.6956522
48;48;0;11;0.333333333;14.875;255.6875;270.5625
59;42;17;13;0.271186441;13.01694915;217.0508475;230.0677966
40;40;0;10;0.4;14.775;300.825;315.6
46;38;8;12;0.347826087;15.80434783;266.4130435;282.2173913
43;43;0;9;0.372093023;13.1627907;294;307.1627907
43;43;0;10;0.372093023;17.30232558;308.5348837;325.8372093
41;41;0;12;0.390243902;18.24390244;292;310.2439024
48;42;6;8;0.333333333;13.83333333;254.0833333;267.9166667
44;44;0;11;0.363636364;14.45454545;280.0227273;294.4772727
38;38;0;5;0.421052632;17.76315789;262.9473684;280.7105263
41;41;0;9;0.390243902;20.19512195;284.3658537;304.5609756
41;41;0;0;0.390243902;12.29268293;220.6341463;232.9268293
43;43;0;2;0.372093023;15.25581395;202.8837209;218.1395349
44;44;0;2;0.363636364;13.63636364;239.75;253.3863636
43;43;0;11;0.372093023;15.53488372;253.0697674;268.6046512
30;30;0;3;0.533333333;15.63333333;209.9333333;225.5666667
46;46;0;3;0.347826087;14;241.5;255.5
51;51;0;6;0.31372549;13.33333333;252.7843137;266.1176471
44;44;0;11;0.363636364;14.18181818;296.8636364;311.0454545
42;42;0;14;0.380952381;19.9047619;337.8095238;357.7142857
50;45;5;9;0.32;16.32;233.06;249.38
42;42;0;11;0.380952381;16.57142857;273.3333333;289.9047619
64;51;13;11;0.25;13.15625;225.4375;238.59375
61;56;5;12;0.262295082;15.03278689;220.0983607;235.1311475
46;43;3;9;0.347826087;14.73913043;267.3478261;282.0869565
46;38;8;12;0.347826087;15.56521739;260.8478261;276.4130435
48;48;0;0;0.333333333;9.395833333;224.4791667;233.875
48;41;7;11;0.333333333;17.66666667;256.7291667;274.3958333
39;35;4;10;0.41025641;15.87179487;299.4871795;315.3589744
37;37;0;11;0.432432432;16.37837838;291.9459459;308.3243243
37;37;0;5;0.432432432;13.56756757;247.3513514;260.9189189
49;48;1;13;0.326530612;15.7755102;283.0204082;298.7959184
39;36;3;11;0.41025641;19;331.6666667;350.6666667
44;41;3;8;0.318181818;14.29545455;306.0227273;320.3181818
43;40;3;4;0.372093023;14;236.2790698;250.2790698
45;45;0;6;0.355555556;14.2;254.1777778;268.3777778
44;44;0;9;0.363636364;17.20454545;276.1590909;293.3636364
53;52;1;11;0.301886792;14.64150943;259.9245283;274.5660377
48;47;1;11;0.333333333;15.45833333;278;293.4583333
52;44;8;8;0.307692308;12.19230769;227.2307692;239.4230769
33;33;0;0;0.484848485;15.57575758;217;232.5757576
45;42;3;10;0.355555556;13.44444444;283.4;296.8444444
45;42;3;12;0.355555556;16.15555556;283.2888889;299.4444444
34;34;0;0;0.470588235;17.29411765;226;243.2941176
38;38;0;9;0.421052632;18.10526316;289;307.1052632
40;40;0;3;0.4;17;226.95;243.95
45;45;0;4;0.355555556;12.26666667;212.9111111;225.1777778
39;38;1;13;0.41025641;17.35897436;309.4615385;326.8205128
45;45;0;8;0.355555556;14.82222222;285.6222222;300.4444444
57;45;12;11;0.280701754;12.14035088;214.2807018;226.4210526
41;41;0;6;0.390243902;16.85365854;245.8292683;262.6829268
39;39;0;4;0.41025641;17.17948718;216.7435897;233.9230769
49;47;2;11;0.326530612;17.67346939;296.5714286;314.244898
26;26;0;7;0.615384615;19.26923077;248.8461538;268.1153846
48;47;1;11;0.333333333;16.47916667;291.7916667;308.2708333
44;44;0;1;0.363636364;12.38636364;217.1590909;229.5454545
43;35;8;8;0.372093023;13.6744186;249.255814;262.9302326
51;45;6;7;0.31372549;13.82352941;207.8627451;221.6862745
42;42;0;5;0.380952381;16.21428571;254.0952381;270.3095238
60;51;9;12;0.266666667;12.18333333;210.0833333;222.2666667
45;45;0;12;0.355555556;16.08888889;259.5777778;275.6666667
51;38;13;11;0.31372549;12.90196078;239.3921569;252.2941176
51;50;1;13;0.31372549;15.88235294;293.1568627;309.0392157
43;43;0;9;0.372093023;16.44186047;241.3023256;257.744186
45;45;0;8;0.355555556;15.04444444;255.1777778;270.2222222
53;50;3;12;0.301886792;18.22641509;254.7735849;273
42;42;0;7;0.380952381;16.14285714;251.3809524;267.5238095
52;52;0;5;0.307692308;12.90384615;243.3461538;256.25
48;39;9;11;0.333333333;13.875;236.0833333;249.9583333
65;39;26;12;0.230769231;13.06153846;207.3846154;220.4461538
56;48;8;12;0.285714286;13.5;250.9464286;264.4464286
48;48;0;13;0.333333333;16.08333333;275.375;291.4583333
41;41;0;5;0.390243902;13.46341463;275.3658537;288.8292683
40;40;0;11;0.4;18.825;285.625;304.45
44;44;0;7;0.363636364;15.54545455;265.2954545;280.8409091
58;53;5;13;0.275862069;14.67241379;250.8965517;265.5689655
45;45;0;12;0.311111111;15.22222222;301.1555556;316.3777778
37;37;0;0;0.432432432;12.83783784;226.3783784;239.2162162
32;32;0;1;0.5;15.09375;213.53125;228.625
45;45;0;8;0.355555556;15.42222222;283.5777778;299
31;31;0;2;0.516129032;18.38709677;229.5483871;247.9354839
51;44;7;13;0.31372549;16.05882353;274.1764706;290.2352941
47;47;0;4;0.340425532;11.4893617;207.9361702;219.4255319
45;42;3;9;0.355555556;14.06666667;271.8222222;285.8888889
50;46;4;11;0.32;15.4;267.32;282.72
49;43;6;0;0.326530612;11.18367347;202.6326531;213.8163265
46;46;0;8;0.347826087;12.7173913;256.4130435;269.1304348
42;42;0;9;0.380952381;16.76190476;220.0714286;236.8333333
44952;42602;2350;7566;363.0298752;14731.23017;251403.7358;266134.966
45;43;2;8;0;15;251;266
